Total time,Period of one measure,Frequency,Step
59.386627435684204,29.693313717842102,0.4012609961870554,0.012890625